title,car

WyróżnioneRenault Captur 1.0 TCe 100KM LPG Techno! |Opony Zimowe Gratis|105 000 złChorzów - 02 grudnia 20222022  - 1 kmObserwuj,Wyróżnione

WyróżnioneSkoda Octavia *Elegance* 2.0 TDI *150KM* Bi-xenon*Led*Duża Navi*Półskóra* Serwisowan42 900 złCzłuchów - 06 grudnia 20222013  - 211 000 kmObserwuj,Wyróżnione

WyróżnioneChevrolet Aveo Roczna gwarancja9 900 złdo negocjacjiMysłowice - Odświeżono Dzisiaj o 12:082004  - 171 000 kmObserwuj,Wyróżnione

"Sprzedam Volkswagen Golf4 000 złWrocław, Śródmieście - Dzisiaj o 16:481998  - 288 150 kmObserwuj",

Alfa Romeo 156 1.9 jtd ZAMIANA3 200 złPabianice - Dzisiaj o 16:472004  - 280 000 kmObserwuj,

Opel astra III GTC 1.9 CDTI COSMO 150km8 500 złRusinowo - Dzisiaj o 16:472005  - 292 000 kmObserwuj,

Bmw e39 523i M-pakiet9 500 złdo negocjacjiKoszalin - Dzisiaj o 16:461999  - 230 000 kmObserwuj,

Daewoo Matiz  Life1 888 złRzezawa - Dzisiaj o 16:462000  - 195 850 kmObserwuj,

"Toyota Avensis 1,8Benzyna147KM*Navi*Kamera*Bezwypadkowa*Przebieg na Fakturze!48 900 złdo negocjacjiRadom - Dzisiaj o 16:462012  - 97 945 kmObserwuj",

BMW Seria 3 MPakiet 204KM Skóra Panorama Xenon Navi Tempomat Grzane Fot PDC Serwis49 900 złRadom - Dzisiaj o 16:462010  - 280 000 kmObserwuj,

Ford Fiesta * 1.6 Sport * ST * Climatronic * Full Opcja * Zobacz *20 400 złdo negocjacjiŚwidnica - Dzisiaj o 16:462010  - 240 000 kmObserwuj,

"audi a6 Quattro ,super stan24 900 złdo negocjacjiRadom - Dzisiaj o 16:462005  - 210 100 kmObserwuj",

BMW Seria 5 BMW f1163 000 złdo negocjacjiKołaczyce - Dzisiaj o 16:462013  - 122 600 kmObserwuj,

"WyróżnioneVolkswagen Polo Volkswagen Polo 1,2 benzyna12 900 złdo negocjacjiGrudziądz - 02 grudnia 20222007  - 195 842 kmObserwuj",Wyróżnione

"WyróżnioneSamochód osobowy58 200 złdo negocjacjiWarszawa, Targówek - Odświeżono dnia 04 grudnia 20222016  - 199 000 kmObserwuj",Wyróżnione

"WyróżnioneBMW e87 2009 diesel nie od handlarza19 999 złdo negocjacjiWarszawa, Włochy - Odświeżono dnia 06 grudnia 20222009  - 374 000 kmObserwuj",Wyróżnione

"Renault Captur Renault Captur 1,2 Automat I Właściciel44 000 złdo negocjacjiOstrzeszów - Dzisiaj o 16:462013  - 62 000 kmObserwuj",

"Volkswagen Passat B5 lift 1.9 TDI 131km, kombi, hak6 400 złdo negocjacjiWejherowo - Dzisiaj o 16:462001  - 380 000 kmObserwuj",

"Toyota Auris 2015r, Salon Polska, pierwszy właściciel, LPG.59 900 złdo negocjacjiGdańsk, Zaspa Młyniec - Dzisiaj o 16:462015  - 97 000 kmObserwuj",

"Sprzedam Toyota Corolla 1.6 benzyna 201561 500 złdo negocjacjiWarszawa, Targówek - Dzisiaj o 16:462015  - 97 500 kmObserwuj",

"Toyota Corolla Hybryda / Navi / Automat / Tempomat / Kamera Cofania89 900 złdo negocjacjiŁódź, Górna - Dzisiaj o 16:462020  - 17 834 kmObserwuj",

Chevrolet Orlando 2.0D 163KM Navi Skóra Tempomat Led 7-OS Hak ARKOS33 900 złdo negocjacjiElbląg - Dzisiaj o 16:462011  - 203 986 kmObserwuj,

"Peugeot Partner 1.6HDI 92KM salon Polska, rejestracja UA30 900 złdo negocjacjiZąbki - Dzisiaj o 16:462013  - 199 000 kmObserwuj",

Peugeot 508 Peugeot 508 1.6 BlueHDi Allure S&S38 900 złdo negocjacjiRzeszów - Dzisiaj o 16:462015  - 257 000 kmObserwuj,

"Mercedes-Benz AMG GT V8 pakiet, Dynamic plus, Pamiec, Burmester, Masaż, Distronic, Dealer689 900 złWrocław, Fabryczna - Dzisiaj o 16:462020  - 2 900 kmObserwuj",

MINI John Cooper Works 12/2021 JCW 231KM Automat81 900 złTychy - Dzisiaj o 16:452021  - 35 000 kmObserwuj,

WyróżnioneCitroen C3 1.4 HDI 2008 r.9 900 złZduńska Wola - Odświeżono Dzisiaj o 10:082008  - 236 000 kmObserwuj,Wyróżnione

"WyróżnioneSkoda Fabia z super żwawym dieslem 110 km oraz faktura 23% vat27 200 złdo negocjacjiWarszawa, Ochota - Odświeżono dnia 04 grudnia 20222015  - 151 800 kmObserwuj",Wyróżnione

WyróżnioneSprzedam BMW X5 stan bardzo dobry !24 000 złEłk - 05 grudnia 20222002  - 345 000 kmObserwuj,Wyróżnione

"Audi A3 Bezwypadek Oryginał Lak Skóra Bi Xenon Led Serwis St IDEALNY30 900 złRawicz, Sarnowa - Dzisiaj o 16:452009  - 211 000 kmObserwuj",

Renault Megane Megane II 2.0 Benzyna automat tylko 98tys km - 1 właściciel -GWARANCJA12 900 złdo negocjacjiLublin - Dzisiaj o 16:452004  - 98 000 kmObserwuj,

"Audi A4 2.0 TDI 140 Km Recaro, Quatro, Bardzo Zadbane28 997 złdo negocjacjiDzierżążno - Dzisiaj o 16:452006  - 193 000 kmObserwuj",

Volkswagen Passat11 900 złWięcbork - Dzisiaj o 16:452005  - 239 000 kmObserwuj,

Opel Corsa 1.2 benzyna 80KM super stan12 900 złdo negocjacjiŚwiebodzice - Dzisiaj o 16:452008  - 112 495 kmObserwuj,

Hyundai ix35 LIFTing * BENZYNA * 105 tys km * NOWE auto * po opłatach * zamiana51 900 złSieradz - Dzisiaj o 16:452014  - 105 000 kmObserwuj,

Opel Zafira B 1.8 benzyna + gaz 2006r15 500 złdo negocjacjiGrodzisk Mazowiecki - Dzisiaj o 16:452006  - 225 650 kmObserwuj,

"BMW Seria 4 420d xDrive GranCoupe 190KM ///M-Pakiet,SerwisTylkoASO,AdaptiveLED104 900 złWarszawa, Mokotów - Dzisiaj o 16:452016  - 148 000 kmObserwuj",

"Nissan Qashqai Qashqai dostępny, mały przebieg130 600 złBytom - Dzisiaj o 16:452021  - 6 900 kmObserwuj",

Volkswagen Golf Dobrze utrzymany Bardzo ekonomiczny.22 900 złdo negocjacjiZiębice - Dzisiaj o 16:452010  - 291 000 kmObserwuj,

WyróżnioneMercedes w204 2.2 pakiet AMG felgi 1838 000 złdo negocjacjiBrzeziny - Odświeżono dnia 04 grudnia 20222008  - 235 000 kmObserwuj,Wyróżnione

WyróżnioneRenault Grand Scenic  1.9 diesel6 900 złLublin - 03 grudnia 20222007  - 201 000 kmObserwuj,Wyróżnione

WyróżnioneVolkswagen Passat * Salon Polska * I-WŁ * Serwis ASO * KeyLessGo * Tempomat *42 700 złdo negocjacjiKonstancin-Jeziorna - 03 grudnia 20222013  - 174 458 kmObserwuj,Wyróżnione

BMW E36 M50B29 Turbo DRIFT78 000 złRzeszów - Odświeżono Dzisiaj o 16:451996  - 1 000 kmObserwuj,

Fiat Punto 1.2 Active 2004r.3 999 złdo negocjacjiBytom - Dzisiaj o 16:452004  - 245 000 kmObserwuj,

Volkswagen Passat b54 000 złdo negocjacjiBolesławiec - Odświeżono Dzisiaj o 16:452002  - 359 000 kmObserwuj,

Sprzedam samochód osobowy citroen C522 500 złdo negocjacjiSzczucin - Dzisiaj o 16:452010  - 260 kmObserwuj,

"Fiat Punto II diesel 1,34 500 złdo negocjacjiPiotrowo Pierwsze - Dzisiaj o 16:452005  - 223 406 kmObserwuj",

"Ford Mustang Samochód dostępny od ręki! Mach 1 5.0 V8 460KM Fighter Jet Grey325 700 złWrocław, Fabryczna - Dzisiaj o 16:452022  - 7 kmObserwuj",

Tesla Y285 000 złdo negocjacjiOpole - Dzisiaj o 16:452021  - 32 000 kmObserwuj,

Mercedes-Benz Klasa A Serwisowany!! Automat!! Wersja Avangarde!!23 900 złdo negocjacjiChodzież - Dzisiaj o 16:452011  - 135 000 kmObserwuj,

Renault Koleos * Bose Edition * 4x4 * 150 Koni * Bogata wersja wyposażenia * Opłacony24 900 złLipnik - Dzisiaj o 16:452008  - 250 000 kmObserwuj,

"Mercedes-Benz CLA 2,2 CDI / 170 PS / 169tys km / XENON / NAVI / SKÓRY / OKAZJA65 900 złdo negocjacjiOtmuchów - Dzisiaj o 16:452013  - 169 000 kmObserwuj",

             